Cognac,,
Courvoisier XO,"Cognac, France",30
Delmaine XO,"Cognac, France",25
Hennessy XO,"Cognac, France",45
Martell XO,"Cognac, France",40
Cohiba Cognac,"Cognac, France",50
Martell Cordon Bleu,"Cognac, France",30
Martell VS,"Cognac, France",12
Otard XO,"Cognac, France",35
Armagnac,,
Bas-Armagnac Delord XO,"Armagnac, France",15
Fine Armagnac Delord,"Armagnac, France",9
Bas-Armagnac Delord VSOP,"Armagnac, France",12
Marq de Montesquiou XO,"Armagnac, France",14
Calvados,,
Breuil Calvados Fine,"Calvados, France",14
Breuil Calvados VSOP,"Calvados, France",12
Cristian Drouin Pays Du Auge,"Calvados, France",14
Eau-De-Vie,,
Briottet Framboise Saurage,France,14
Briottet Poire William,France,14
Briottet Mirabelle,France,14
Drouin Blanche Normandie,"Normandie, France",12
Pisco,,
Casa Del Inca,"Lima, Peru",12
