Modern,,
209 Gin,USA,16
Beefeater Summer,England,10
Hendricks,Scotland,16
Junipero,USA,12
Lighthouse,New Zealand,12
Martin Miller Arctic,England,12
Martin Miller Westbourne,England,15
Saffron Gin,France,11
South,New Zealand,12
London Dry,,
Beefeater,England,9
Beefeater 24,England,13
Beefeater Crown Jewel,England,25
Blackwoods Vintage Dry Gin,Scotland,11.5
Geranium Gin,England,16
No3,England,13
Tanqueray,England,9.5
Tanqueray no.10,England,12
Whitley Neill,England,12
Sloe Gin,,
The Bitter Truth SloeBerry Gin,Germany,11
Gabriel Boudier SloeBerry,France,10
Hayman Sloe Gin,England,11
Genever Gin,,
Bokma Jonge Geneva,Holland,9
Bols Jonge Geneva,Holland,9
Ketel One Granjenever,Holland,12
De Kuyper Square Gin,Holland,11
Old Tom Gin,,
Haymans Old Tom,England,11
Plymouth Gin,,
Plymouth English,England,9.5
Plymouth Navy Strength,England,18
