Blanco,,
Arette Blanco,"Tequila, Jalisco",9
Casa Noble Blanco,"Tequila, Jalisco",13
Chamucos,"Tequila, Jalisco",15
Don Julio Blanco,"Atotonilco el Alto, Jalisco",18
Gran Centenario Plata,"Tequila, Jalisco",16
Hacienda Cristero Blanco,"Amatitan, Jalisco",14
Herradurra Blanco,"Amatitan, Jalisco",14
Patron Silver,"Tequila, Jalisco",16
Reposado,,
Chamucos Reposado,"Tequila, Jalisco",16
Cuervo Tradicional,"Tequila, Jalisco",11
Don Julio Reposado,"Atotonilco el Alto, Jalisco",18
Gran Centenario Reposado,"Tequila, Jalisco",15.5
Herradura Antiguo 1870,"Amatitan, Jalisco",11
Herradura Reposado,"Amatitan, Jalisco",15
Patron Reposado,"Tequila, Jalisco",18
Super Anejo,,
Cuervo Res de La Familia,"Tequila, Jalisco",20
El Mayor,"Guadalajara, Jalisco",30
Herradura Seleccion Suprema,"Amatitan, Jalisco",50
Patron Anejo,Mexico,19
Sauza Tres Generaciones,"Tequila, Jalisco",13
Anejo,,
Arette Anejo,"Tequila, Jalisco",14
Chamucos,"Tequila, Jalisco",17
Don Julio Anejo,"Atotonilco el Alto, Jalisco",20
Gran Corralejo Anejo,"Guanajuato, Jalisco",50
Mezcals,,
Maguey Mezcal Chichicapa,"Chichicapam, Oaxaca",21.5
Maguey Mezcal San Luis Del Rio,"San Luis del Rio, Oaxaca",21.5
Maguey Mezcal Minero,"Santa Catarina Minas, Oaxaca",21.5
Maguey Mezcal Tobala,"TobalaÃÅ, Oaxaca",30
